{
  "get": "teams",
  "parameters": {
    "league": "61",
    "season": "2019"
  },
  "errors": [],
  "results": 20,
  "paging": {
    "current": 1,
    "total": 1
  },
  "response": [
    {
      "team": {
        "id": 77,
        "name": "Angers",
        "country": "France",
        "founded": 1919,
        "national": false,
        "logo": "https:\/\/media.api-sports.io\/football\/teams\/77.png"
      },
      "venue": {
        "id": 634,
        "name": "Stade Raymond-Kopa",
        "address": "73, boulevard Pierre de Coubertin",
        "city": "Angers",
        "capacity": 17835,
        "surface": "grass",
        "image": "https:\/\/media.api-sports.io\/football\/venues\/634.png"
      }
    },
    {
      "team": {
        "id": 78,
        "name": "Bordeaux",
        "country": "France",
        "founded": 1881,
        "national": false,
        "logo": "https:\/\/media.api-sports.io\/football\/teams\/78.png"
      },
      "venue": {
        "id": 638,
        "name": "Stade Matmut-Atlantique",
        "address": "Cours Jules Ladoumegue",
        "city": "Bordeaux",
        "capacity": 42115,
        "surface": "grass",
        "image": "https:\/\/media.api-sports.io\/football\/venues\/638.png"
      }
    },
    {
      "team": {
        "id": 79,
        "name": "Lille",
        "country": "France",
        "founded": 1944,
        "national": false,
        "logo": "https:\/\/media.api-sports.io\/football\/teams\/79.png"
      },
      "venue": {
        "id": 655,
        "name": "Stade Pierre-Mauroy",
        "address": "261, Boulevard de Tournai, l&apos;H\u00f4tel de Ville",
        "city": "Villeneuve d&apos;Ascq",
        "capacity": 50083,
        "surface": "grass",
        "image": "https:\/\/media.api-sports.io\/football\/venues\/655.png"
      }
    },
    {
      "team": {
        "id": 80,
        "name": "Lyon",
        "country": "France",
        "founded": 1950,
        "national": false,
        "logo": "https:\/\/media.api-sports.io\/football\/teams\/80.png"
      },
      "venue": {
        "id": 666,
        "name": "Groupama Stadium",
        "address": "Chemin du Montout",
        "city": "D\u00e9cines-Charpieu",
        "capacity": 59186,
        "surface": "grass",
        "image": "https:\/\/media.api-sports.io\/football\/venues\/666.png"
      }
    },
    {
      "team": {
        "id": 81,
        "name": "Marseille",
        "country": "France",
        "founded": 1899,
        "national": false,
        "logo": "https:\/\/media.api-sports.io\/football\/teams\/81.png"
      },
      "venue": {
        "id": 667,
        "name": "Orange V\u00e9lodrome",
        "address": "3, boulevard Michelet",
        "city": "Marseille",
        "capacity": 67394,
        "surface": "grass",
        "image": "https:\/\/media.api-sports.io\/football\/venues\/667.png"
      }
    },
    {
      "team": {
        "id": 82,
        "name": "Montpellier",
        "country": "France",
        "founded": 1974,
        "national": false,
        "logo": "https:\/\/media.api-sports.io\/football\/teams\/82.png"
      },
      "venue": {
        "id": null,
        "name": null,
        "address": null,
        "city": null,
        "capacity": null,
        "surface": null,
        "image": null
      }
    },
    {
      "team": {
        "id": 83,
        "name": "Nantes",
        "country": "France",
        "founded": 1943,
        "national": false,
        "logo": "https:\/\/media.api-sports.io\/football\/teams\/83.png"
      },
      "venue": {
        "id": 662,
        "name": "Stade de la Beaujoire - Louis Fonteneau",
        "address": "5, boulevard de la Beaujoire",
        "city": "Nantes",
        "capacity": 38285,
        "surface": "grass",
        "image": "https:\/\/media.api-sports.io\/football\/venues\/662.png"
      }
    },
    {
      "team": {
        "id": 84,
        "name": "Nice",
        "country": "France",
        "founded": 1904,
        "national": false,
        "logo": "https:\/\/media.api-sports.io\/football\/teams\/84.png"
      },
      "venue": {
        "id": 663,
        "name": "Allianz Riviera",
        "address": "Boulevard des Jardiniers",
        "city": "Nice",
        "capacity": 35624,
        "surface": "grass",
        "image": "https:\/\/media.api-sports.io\/football\/venues\/663.png"
      }
    },
    {
      "team": {
        "id": 85,
        "name": "Paris Saint Germain",
        "country": "France",
        "founded": 1970,
        "national": false,
        "logo": "https:\/\/media.api-sports.io\/football\/teams\/85.png"
      },
      "venue": {
        "id": 671,
        "name": "Parc des Princes",
        "address": "24, rue du Commandant Guilbaud",
        "city": "Paris",
        "capacity": 47929,
        "surface": "grass",
        "image": "https:\/\/media.api-sports.io\/football\/venues\/671.png"
      }
    },
    {
      "team": {
        "id": 87,
        "name": "Amiens",
        "country": "France",
        "founded": 1901,
        "national": false,
        "logo": "https:\/\/media.api-sports.io\/football\/teams\/87.png"
      },
      "venue": {
        "id": 633,
        "name": "Stade Cr\u00e9dit Agricole de la Licorne",
        "address": "25, rue du Chap\u00eetre",
        "city": "Amiens",
        "capacity": 12999,
        "surface": "grass",
        "image": "https:\/\/media.api-sports.io\/football\/venues\/633.png"
      }
    },
    {
      "team": {
        "id": 89,
        "name": "Dijon",
        "country": "France",
        "founded": 1936,
        "national": false,
        "logo": "https:\/\/media.api-sports.io\/football\/teams\/89.png"
      },
      "venue": {
        "id": 645,
        "name": "Stade Gaston-G\u00e9rard",
        "address": "Rue du Stade",
        "city": "Dijon",
        "capacity": 16098,
        "surface": "grass",
        "image": "https:\/\/media.api-sports.io\/football\/venues\/645.png"
      }
    },
    {
      "team": {
        "id": 91,
        "name": "Monaco",
        "country": "France",
        "founded": 1919,
        "national": false,
        "logo": "https:\/\/media.api-sports.io\/football\/teams\/91.png"
      },
      "venue": {
        "id": 659,
        "name": "Stade Louis II",
        "address": "7, avenue des Castelans",
        "city": "Monaco",
        "capacity": 18523,
        "surface": "grass",
        "image": "https:\/\/media.api-sports.io\/football\/venues\/659.png"
      }
    },
    {
      "team": {
        "id": 92,
        "name": "Nimes",
        "country": "France",
        "founded": 1937,
        "national": false,
        "logo": "https:\/\/media.api-sports.io\/football\/teams\/92.png"
      },
      "venue": {
        "id": 664,
        "name": "Stade des Costi\u00e8res",
        "address": "123, avenue de la Bouvine",
        "city": "N\u00eemes",
        "capacity": 18482,
        "surface": "grass",
        "image": "https:\/\/media.api-sports.io\/football\/venues\/664.png"
      }
    },
    {
      "team": {
        "id": 93,
        "name": "Reims",
        "country": "France",
        "founded": 1909,
        "national": false,
        "logo": "https:\/\/media.api-sports.io\/football\/teams\/93.png"
      },
      "venue": {
        "id": 674,
        "name": "Stade Auguste-Delaune II",
        "address": "33, Chauss\u00e9e Bocquaine",
        "city": "Reims",
        "capacity": 21684,
        "surface": "grass",
        "image": "https:\/\/media.api-sports.io\/football\/venues\/674.png"
      }
    },
    {
      "team": {
        "id": 94,
        "name": "Rennes",
        "country": "France",
        "founded": 1901,
        "national": false,
        "logo": "https:\/\/media.api-sports.io\/football\/teams\/94.png"
      },
      "venue": {
        "id": 680,
        "name": "Roazhon Park",
        "address": "111, route de Lorient",
        "city": "Rennes",
        "capacity": 31127,
        "surface": "grass",
        "image": "https:\/\/media.api-sports.io\/football\/venues\/680.png"
      }
    },
    {
      "team": {
        "id": 95,
        "name": "Strasbourg",
        "country": "France",
        "founded": 1906,
        "national": false,
        "logo": "https:\/\/media.api-sports.io\/football\/teams\/95.png"
      },
      "venue": {
        "id": 681,
        "name": "Stade de la Meinau",
        "address": "12, rue de l&apos;Extenwoerth",
        "city": "Strasbourg",
        "capacity": 26109,
        "surface": "grass",
        "image": "https:\/\/media.api-sports.io\/football\/venues\/681.png"
      }
    },
    {
      "team": {
        "id": 96,
        "name": "Toulouse",
        "country": "France",
        "founded": 1937,
        "national": false,
        "logo": "https:\/\/media.api-sports.io\/football\/teams\/96.png"
      },
      "venue": {
        "id": 682,
        "name": "Stadium de Toulouse",
        "address": "1, all\u00e9e Gabriel Bi\u00e8n\u00e9s",
        "city": "Toulouse",
        "capacity": 33150,
        "surface": "grass",
        "image": "https:\/\/media.api-sports.io\/football\/venues\/682.png"
      }
    },
    {
      "team": {
        "id": 106,
        "name": "Stade Brestois 29",
        "country": "France",
        "founded": 1950,
        "national": false,
        "logo": "https:\/\/media.api-sports.io\/football\/teams\/106.png"
      },
      "venue": {
        "id": 641,
        "name": "Stade Francis-Le Bl\u00e9",
        "address": "26, rue de Quimper",
        "city": "Brest",
        "capacity": 15931,
        "surface": "grass",
        "image": "https:\/\/media.api-sports.io\/football\/venues\/641.png"
      }
    },
    {
      "team": {
        "id": 112,
        "name": "Metz",
        "country": "France",
        "founded": 1932,
        "national": false,
        "logo": "https:\/\/media.api-sports.io\/football\/teams\/112.png"
      },
      "venue": {
        "id": null,
        "name": null,
        "address": null,
        "city": null,
        "capacity": null,
        "surface": null,
        "image": null
      }
    },
    {
      "team": {
        "id": 1063,
        "name": "Saint Etienne",
        "country": "France",
        "founded": 1920,
        "national": false,
        "logo": "https:\/\/media.api-sports.io\/football\/teams\/1063.png"
      },
      "venue": {
        "id": 676,
        "name": "Stade Geoffroy-Guichard",
        "address": "14, rue Pierre et Paul Guichard",
        "city": "Saint-\u00c8tienne",
        "capacity": 41965,
        "surface": "grass",
        "image": "https:\/\/media.api-sports.io\/football\/venues\/676.png"
      }
    }
  ]
}